0ae73732-d390-4ace-8b4d-e8bf9d06ecc3,b3e0521f-4bb9-4efd-847b-a23dc3ac4d40,dcbeae2f-e55f-47d0-839c-62fb6c552c64
198f980c-b0e1-48d9-b827-96a9f3c91f10,bda27091-5c2c-4abd-b1a5-a01b979a086f,f23fbef9-d9e3-48b8-a025-edfbb66b9e4d
b6764b1f-aeda-4792-8ee5-08b051c37b02,01699d26-5a74-4daa-9b76-264f92b9570d,f2e3a589-45a6-4700-97ef-9a68a99842cb
a8ed60ee-c47b-4b81-a0d9-b1465b215c93,d4e94a9c-320c-4aaf-b283-5b14da3babee,2274b7c4-e4bd-4aec-bc92-1a53694833cd
d9a12730-be81-4a13-90d9-abd659765769,35a7b3a3-8206-47e3-9bfb-e34a914acf3b,fb2fd2a0-559c-4c56-b69c-e1caad05ed39
91b39c85-e501-43bf-8988-172d9509b383,22fc0c94-5f01-4daa-bdf0-48e5a0fb9133,d6f7c9fe-cf8a-44db-909b-1368e9479c11
de70934b-41cf-486c-93e0-1d33f9acfb61,a88cc01b-291c-44ab-a00f-7d6229ed863c,7fd40ac1-c818-46dd-bd77-e0c8fc917bc7
8591651e-fbdf-4fbf-b220-316c3e1ec4e3,c731533c-8ce6-4594-b73b-d15847d84431,1a7f6bf8-d5d4-4a1e-a72f-f1e231e67103
5a69cb69-fa1b-4340-9533-e150f8ec5dd7,cad68277-5b9f-4e2f-9811-8b863b969bd2,075b2c2b-7ea2-4f00-aa0b-b7fcf97520ab
368247d0-d405-48c3-ab25-451c5cb0c54f,d0731784-ca26-4c39-8b4f-710efbe6a689,4cf6d3d6-f2da-46e6-a2df-a5df261e878e
254c2721-f1b2-48ba-be36-cce6ea70a5da,ffd68baa-7a7f-41e6-9fc8-26dc1767a6ce,e00b614c-0db6-47c5-9f14-48137750bb87
8e9e4646-73d0-4eff-90d6-5cdb40746995,4c6774a4-f189-4c91-8cc8-4f8b9fde29cd,ca236ad6-b394-4204-bfc8-03a1e804f94e
3a5a94a3-85a7-417f-b4f3-e29f86c95765,183028ff-a9d4-4556-8648-8ee62dc45c5b,1db622f0-f47e-4bcd-9422-9d9602a62201
100ecf9c-3663-4e7b-9f99-01343f3a1a7f,7c3066a1-efa1-41e8-baf0-ec6ab7f76f06,16a1c6ae-4f9e-4365-942d-d2044f3178ba
490196f8-ab38-49c1-99c3-849130d1f721,01cf91cf-5fc8-4fe6-9271-786ccc873e9e,3a27850a-569f-4120-b689-4d556471afe7
9ad12284-1125-4dd7-9722-f982b05d4754,13e3650b-f822-4959-8e35-9fe4f1157c28,391b9f98-3314-498a-b5b6-701c4cb53b81
23e472be-5232-495b-bbd1-17adf10801e6,2de1a6ce-46bb-45cd-bb24-d603d01fe5c1,6f3c928e-dbf0-4c31-8c96-7b09d04a251d
3c180035-2afd-4852-b7e1-cb06c476885b,0f05f23f-7cd7-42ac-a318-2cc0c2d8b06a,a01c2dd4-9022-4966-8f41-cab3c36b2e8b
ae9ea234-99e0-4c52-8007-288ae05210a4,accb0a96-d4ff-418d-baf7-2ea160bab101,b169f2ee-9094-4c5b-b158-b215b35235b5
e0be4736-a21c-43bc-9f56-65f6cf6ee322,f5f337ae-0ab3-45ae-a2fa-ea41fb5b8c38,5bd51d96-da8a-40c7-8b68-a448810cd60a
bd15386c-02da-4933-90be-1e9102e8e818,6dcd49b2-649a-4dbd-9426-953e0eb5bb7e,5f048b25-2fda-4db2-8c97-e2f0756e7202
7e3de327-3008-4dba-8678-4d92be8f8c4c,b45fc1be-26e0-419e-8987-c60c805bccfd,9d4ff4b9-5702-461a-9490-3d2a7cef44e3
b4fca53b-aec7-4718-863e-8565bad00975,ef3717c9-b1de-4cdb-80ae-d53588d2c05b,05a950cd-45b8-4568-9ee7-c2823845b87d
25998302-933a-4b74-b584-cb460fb44c8d,fb530af0-52cc-46ab-a4a8-ee2282e6d5c8,31f7822e-1c8f-45c6-91f5-69787259bed7
4b34860b-bc89-4857-8b93-425168c20d1f,d69b1b96-3f4e-46ca-a6cc-e10f5d0937fd,7b639120-4a35-4da5-b1b5-489a3cf3b618
486a1ffd-df20-46be-a5fd-3e50dc876583,3cc577e9-bd0b-4446-9271-3631d495ced9,cdbbec56-654f-4a86-a1e7-409f57675a7e
fc41e706-5bc4-42e1-add2-f9eb41192d21,b865519a-8d95-484e-9eea-5028671be205,3d0c0ff0-54f6-4bd6-8128-c9bff1d4bc32
776e92e7-4d8b-44a0-8797-1c98f7891070,2f57eaf9-3b92-4669-b329-cf2333757da1,80850126-e273-459d-9d78-cee58f8949ad
c91280f4-fa9d-4e8f-ad2d-e506a59b55fb,676a02f4-8ab8-4473-9504-00ae1258bdc8,defd341c-7288-4722-8476-c3ae4bf14466
b66c3b5a-2367-4102-97da-a80d18cc9fc8,8f03434e-3adf-4397-870d-47ea6ae7774a,4b804971-5558-4467-a5a9-1106c44ad5ac
ff23341e-8736-4590-a4f4-12991d917ef3,ab508f36-a694-49d4-b7cd-c36ad8701c4d,0e85113d-1076-4935-b301-9d86af19f4c5
4820417a-ef1b-4ede-9af4-babadb060bff,fc09aa1e-7899-46b6-bb5e-de461ed3f318,68686d39-97d6-4091-a0e3-c60d92f2570f
f0ea283d-b9e4-48f2-89fd-de926dd67759,ff27fa86-f6a4-437b-aa54-995b05e717ef,11ad0619-68c3-49af-bb09-221de936d461
f7e52817-b76b-4606-b33b-5c8b7d40b59c,55d177ed-4573-41df-8068-2b2509c951ac,39f111ca-1e15-4377-a085-2779e2d4d1ce
e38eabea-e899-42af-b7bf-2ecab84cbe7d,92e83ef3-c77b-4e31-b6fd-77fe5a57ad50,eb2d2292-d0a9-4d04-8cac-16255fd244b8
e683f406-d8ad-4379-9510-0294a3d680de,ff0c8cd4-ca25-4ee4-be76-80526e856d65,10c4cedc-5017-4927-817d-afb9b2fc1806
7514522b-547a-4b58-ba10-c25fb283c5b1,3f8c6474-3ac5-4743-af6a-b72cf83c5f3b,0eb58da3-1026-4f44-927d-181cd48e544d
d680f9a1-a64f-4ed8-bb68-465b51ce5bd7,02e2ecfb-9109-407c-818e-c0e1438cfbc4,8028d14e-0978-4442-af93-ec78a90a6b57
2686a1fe-a897-4059-855c-07a647c01247,bef54091-7068-424b-9385-d19b3c1ff3b8,e71923b9-0eb8-4785-be41-f8d7898f8b7a
4ca20f27-d0b3-4565-ac6f-9aafaa5c3c20,674f218d-1a33-466e-8309-5d347fc03aac,82503d7b-37d2-44d9-abe6-64a155ff6b42
49bdf82b-71d4-40a7-97ce-f89d39e6f1d2,fa2bddf7-7e44-4921-89ca-7a897eaa1335,56f275ec-7c40-4925-9f1e-f6a91d0973d0
ea5a5ecf-e4f9-4ac0-bd44-f8e700ce1008,83005eaf-e1ba-4001-8580-c2976ba56de7,f68a7548-5ec1-43a9-b97c-ae6073f7e30e
afa393b8-09d8-4308-b849-76c26eafc371,2f24e56b-cfbf-4485-a312-22dd76fa7299,e19dcbe8-f1c8-4446-aafc-c1391adc31fd
ef6acfb0-f6dd-400c-aefd-5a9fd9f98d75,b46b1a25-3a13-457f-ae4a-a5f4fe2ec004,0448ba88-afc9-4357-9060-b9c64a0abd54
4f5cd23c-ce72-4507-9000-a91746d28d8b,a40c694d-ceb3-4350-9f08-53d8d6b29a50,b2d1d587-6dd7-4a93-9997-48645c2822a0
e04b8cb8-9f50-4724-8ebf-7d01954c9898,17267421-d952-4a97-9244-1d6370d67688,56ecfb5e-147e-4072-a2cb-da4a7261c8d0
c0f7f894-f33f-4486-aaec-188a1ca963c7,cc77d7b6-c18b-48ca-b4e0-a2f4dd764248,c9465e7c-5426-4dc5-aa89-751ec0145200
0da405c5-b65d-4eba-816c-39ed1cf43b85,ddcd7f37-fdb3-4bf2-b34b-3d10723c18fa,b5e61e7c-6ce0-4912-bcfe-6bb958b8482f
668c0a98-b83e-428a-a3d7-44fc23dfaa1d,8ebe11de-54cc-40e4-9561-05c652c1086e,54800e7f-8d95-4ef4-8dcd-7d90857ba698
12a0be47-d97d-4281-a1bf-ffb6f2165fe4,8a78bbfb-8023-497b-9485-0bd1c07bc197,1ed93e92-9f15-4b22-991e-3c72c568b901
f74c8b71-a3d5-43a5-a142-9ac36c9b06ce,397e5402-7cdc-44d7-8618-0ca8a31d3473,70deffab-9e69-45b0-acab-aa71fc8f6a8c
b141eebe-c43a-4b77-b9ff-6b8a5fe76867,6d36842a-db74-4fc4-9fe1-d3382b78b20f,808d522c-6c5c-4ea7-a391-1fa3c4239337
d2e891c7-c86a-4cf2-841c-d62c5a8d2699,3050c7a9-0295-40dc-b902-b79412eead03,37f10d1d-00bb-4415-8a23-0160ce0aaed8
2e8a6490-55ab-449f-b272-ab58b8603d88,e1862927-16a8-4888-b253-e307ca022284,56758439-89d3-4983-9283-ab9c63e3d91f
0cdba667-278a-4410-b289-d457c994ebcf,c1112330-eb14-4ef2-a1a8-bb689a98e42b,9f6381bc-1a8c-488c-b870-97ed6f6c622e
830430d4-bcd6-477e-8f6e-aeefbabf5c48,a97e2744-d769-4c59-a411-a13d92805662,d301722a-203a-4981-ab24-f54b34eb4db6
b1a9a080-b622-4e3e-93d0-f86f806c6e52,949eeb49-a341-4af5-8eff-bb4cd4d7a0bc,972ee81b-383f-4e0a-a580-10a45c2569a4
7bc30837-3a64-4208-b12d-3f88c58c4bef,9e19d52e-7549-49bf-bf38-b259bafc6bfb,2143ce19-3066-49a9-bf27-51c573bb2b44
f7d90c74-e066-4d77-84da-2298036332d7,7422bc10-1155-472a-a07d-dc294301f3a0,c1396a74-132e-4881-a604-d3324c0ca1d9
3b6638b1-4575-4552-97b5-efdbdf3a5130,ee8295c4-e24c-4592-8d26-4878efb77993,55e08108-18d8-471d-b2a4-3a9d65f6d9a7
cf01300d-6b3d-4b77-9397-a43ed5dd7287,ca58e267-34ff-43c6-b6d2-2f98f9616b6c,ab42261e-7cc9-4fe2-8684-ae4fdd512855
5f3b2511-c7a9-45da-8b72-1ef5a899c820,1862bd6b-9de6-4531-b77c-d9f61d2b088d,8135d5d8-aa05-4e76-bbc6-ce0730fdd70f
6d659b98-d1ca-43db-9285-81f46f91d455,c4be053b-ea3d-4208-afe4-eca9e6bd037a,a19d4c81-6614-4f83-9a95-cc55daab0281
f37150e9-ca73-48c7-ac94-543e75732534,c5af8d5b-3dc4-4ac7-916f-1f8ebfd2e289,89d294b0-713d-4df8-bdb8-840db5b3831c
16b6edb7-87ed-4840-a9c6-31d24e22e025,154f3dcb-863f-4a4c-944e-f57d457f8df9,0d0120b5-3a25-4cfc-82d0-7799a54d5f59
3500f23f-8fe5-47df-b88d-dce62d82e7f7,25092b2e-3f54-4978-99f8-6d9242d69fd0,e27ba64e-827f-413f-8861-89946c5afbab
2a532ce6-27d3-46c0-ad82-6cce6d622234,300b34ef-867e-4f49-b4be-ff596031c092,3c83a0d0-d267-475b-9094-fe9f0398c8c7
138fa6f9-0e41-4609-9073-d32b0ce98ff7,5c594773-46af-4242-b7a8-a0956e2e9bbd,4c892cdd-a211-4ade-8bfb-1564fa60a4f3
a05c8982-4693-43ac-9181-c066ec594427,8020c979-409a-48b1-b7f1-a25f8feba7fe,188b709f-ff31-4933-8571-eb86d2694282
b927bef4-b493-4414-9af0-2246de816f66,eda8394f-fbab-483c-92cb-b918ee635666,1b1d324b-3148-4d74-8eeb-7a81d795b715
9c7bf7ef-f128-486c-9a0d-c93efcba4eba,fb889dcb-825a-4d01-b50a-ffab8b73b9e6,3a64cc22-ade5-4eee-9c0d-50d66aed200b
bba3e384-d0e7-41f4-a0d5-cf4aa7d7adb1,77b98e97-1afb-43f1-b3ac-a22e79ab5e3e,3ad0dc34-b909-4554-9f38-a2e28411c432
8654705b-2133-464e-b19d-26a18ce676aa,d63e0f67-e789-4a29-b328-f4598084960d,aa93d5b9-4df9-4ebc-8994-e3eb5d6fab85
45149fa2-9d8f-4df3-b115-f03f7acc3639,d7d43f5b-83a5-4213-9742-490a4da2d730,489bbfd0-6959-426f-a7c2-d77b2d454ed1
2dc9dd6f-05d9-4b33-80b2-837ab9fbe84e,83fbd271-ebfb-4847-aa7e-663837077c46,4b2aaa94-0676-4e59-9fb0-8db00558f094
0a5454ea-19fb-4644-a123-7f1180055cdc,1ecd3c6c-6eca-44e1-b72d-f684f427f4ee,6285138e-d422-4994-896d-d3382541aa99
12038411-f0eb-402a-8e39-44ed785b0e92,8bd67302-3936-4859-835f-3c132c8874ac,8b0096f1-c93f-4345-8b3f-dffe72fdc80c
dccf0401-54b9-4264-ad25-fbe5425d3d66,9538b6e6-6f8d-479b-9af0-f0abb58e410d,e39ccd17-0d67-4034-a973-e8893948a804
6252d90d-f3a4-41d2-8e57-e6937c785101,6c6a71a4-9f7f-4971-adaa-228c83665512,ab5c65a1-7123-42d2-93e3-968c91ee9d47
23c99f3a-c64f-4ce0-993f-0c4877a1134d,a0e7f027-801e-4dd4-8cba-1029cfd21fbe,2bb7ec6c-a290-47b9-bd30-ec626f04b4e4
8c6c72b3-8c79-491c-b6dd-75cb103f464c,26191c88-5b97-4720-bd04-ff2277b1d80e,f98a4e09-3622-4e0e-9000-e76a6b20c110
e4e911c1-bcfc-4f07-aff8-7b3cd20bd792,b6ee003a-3915-4366-babf-148af5c0a76d,ed1c7be3-eb95-4324-a199-af69fda80019
14f7d4c5-5779-46bd-9468-44d81b3da32b,41182440-f0ff-466d-ad82-0ceecd81ea4d,a9783695-81f2-4fde-8dcf-7ff96988523e
55999dbd-51b1-4687-bec9-11a64a245e81,65998cf5-e159-4ef6-8057-5a8af6e40e5a,99d5d876-1e9e-46cc-9fd5-74fb5d6cc162
1b699a1a-3d01-4672-bd57-9f94096eb0fd,c2bb4e2b-12bf-44b7-945a-8addc16836eb,c8689d12-fe4b-4896-a646-cdd2c78848ac
f0835965-31c5-464e-82a5-e95871e1ed94,d36aa560-db16-47b0-bd96-ab6d3dd6a7c4,f89ebf0f-06b0-492d-853a-bd18b7e67edf
dc1341ec-84f7-4350-b5a3-85a415ece41d,bd128652-28c9-4dda-acd5-7d6109dec25e,5cfee1dd-5747-44d0-9abc-ca6645dc899b
59c31721-a017-4fc0-8724-98b012c59807,e3c4890c-24a4-456f-93c3-e89d8357a41d,ff43d97e-d23e-4355-8807-1d460a1a1d1e
0a9ef89b-0868-462e-87b2-f3da7a286b71,1006a6be-0a8e-4713-b635-10c7de9a4bdb,6bd1d653-dd0b-4c28-8f3d-fe3f7a2c2559
a892b0c9-517b-4a3c-88e9-cb5820994bd1,88e169e0-5bb1-4dcf-9309-26d392abe89c,d2498ca3-dfbb-4e86-9dfd-02da77562f19
0f022405-bf5c-4bec-83a3-7ad159f06741,c69b06f7-c590-449a-9774-4f19d87f4de2,2581794e-c955-4ed4-b48f-a557e018a34e
cb90c620-34b1-45d0-81af-76008b315add,bf9512fa-7513-42c0-acba-18828bc670ad,c44085e5-3d97-4439-9a70-51c9913c7474
15a6a544-9cc7-473b-878b-eea423d2fc19,3a0e0e17-7434-462a-979e-cb4734a586bd,5f89bcd6-aee8-4c66-bf02-196ee3cd7731
74290744-fa0b-450f-81a9-640aadc6e499,94cebfa9-dcf9-4f0c-a6e0-4aabacdf02d1,f6eeb80e-831b-4262-8908-d280820b0029
f86d7859-8251-4a73-aff8-42f0d3d546f9,05f43d2a-c2d2-4b46-8cf9-2fc82e06d971,a1a0004a-d991-4045-b743-d56183636058
6f0c2a78-43ab-4d93-995e-9c9bbb160d42,324f8cd4-af33-4fbb-a8cb-ae979fa17ccd,256ed994-295c-4960-8ddf-f8f22c1348cc
262bade5-49b3-4e43-aa06-483158329bda,fdc77918-b2ff-4c14-b4ab-49d4b678f709,f1c4603b-44fc-4655-b4a1-ce1c48c63606
309a52fd-5f20-4a04-8a80-3a70718beaff,699eeb17-7530-492e-ac9d-789166381052,5d52d4e9-8fe2-450a-9751-b33dca94f6ed
c7baabe0-a7c4-4b5e-aa75-d0b23fc39f80,0c51af14-de0d-4f7c-a5de-7d204612c660,a84f4934-a6c6-4e9b-acd2-14dbbda1ab2c
6db43a98-4fc4-4163-aca3-2e1ab333151c,17f40dbf-c9c6-46d0-9349-82256686b65a,1a879565-2853-406d-86b3-349313f513ab