b3e0521f-4bb9-4efd-847b-a23dc3ac4d40,f71f8dc5-0a57-44d3-926a-6e584b327b03,compress Comoros Forward,2018-02-12T20:12:51.521Z
bda27091-5c2c-4abd-b1a5-a01b979a086f,3ef38bf8-4398-4e01-ab0f-0fb222fce5f5,Well 1080p withdrawal,2018-02-12T20:12:51.521Z
01699d26-5a74-4daa-9b76-264f92b9570d,bbb6f60d-a5d9-4891-b033-d34a88d8cb33,solutions JSON Shoes,2018-02-12T20:12:51.521Z
d4e94a9c-320c-4aaf-b283-5b14da3babee,25326676-5df5-4519-8a2d-e98e48d01a1e,Saint Kitts and Nevis Illinois,2018-02-12T20:12:51.522Z
35a7b3a3-8206-47e3-9bfb-e34a914acf3b,d82249e1-e801-4c4b-a824-e57a61b08492,green applications Games,2018-02-12T20:12:51.522Z
22fc0c94-5f01-4daa-bdf0-48e5a0fb9133,efaeae12-c7b2-439c-bab2-898efdbb040a,hierarchy Terrace Computers,2018-02-12T20:12:51.522Z
a88cc01b-291c-44ab-a00f-7d6229ed863c,be6010e3-00f7-40aa-8ad7-27e6f8c579dd,Crossing dot-com coherent,2018-02-12T20:12:51.522Z
c731533c-8ce6-4594-b73b-d15847d84431,61031ad4-e7c8-4d5e-9887-800def634596,Fantastic,2018-02-12T20:12:51.522Z
cad68277-5b9f-4e2f-9811-8b863b969bd2,bbb6f60d-a5d9-4891-b033-d34a88d8cb33,Intelligent Wooden Pizza,2018-02-12T20:12:51.523Z
d0731784-ca26-4c39-8b4f-710efbe6a689,6ffdd8e8-316a-4501-b82e-5083afd8d098,California,2018-02-12T20:12:51.523Z
ffd68baa-7a7f-41e6-9fc8-26dc1767a6ce,a9cd7737-6947-4baa-8778-73a1c9fc3391,Berkshire web-enabled,2018-02-12T20:12:51.523Z
4c6774a4-f189-4c91-8cc8-4f8b9fde29cd,c1b4d230-97ef-4632-8a87-b7a7aa0dbe68,Comoros,2018-02-12T20:12:51.523Z
183028ff-a9d4-4556-8648-8ee62dc45c5b,abf06659-97ca-4ad4-8b86-9808a85f2440,Credit Card Account Engineer,2018-02-12T20:12:51.523Z
7c3066a1-efa1-41e8-baf0-ec6ab7f76f06,f7a9b556-4263-4e95-b314-6389cb5b8629,magenta Rubber stable,2018-02-12T20:12:51.523Z
01cf91cf-5fc8-4fe6-9271-786ccc873e9e,88b8de71-81ee-4043-8881-ba8a9bae1be0,Computer,2018-02-12T20:12:51.523Z
13e3650b-f822-4959-8e35-9fe4f1157c28,9cf8b9c3-0431-424e-8599-1d7eeb943a71,Soft Pizza orchid,2018-02-12T20:12:51.523Z
2de1a6ce-46bb-45cd-bb24-d603d01fe5c1,a9cd7737-6947-4baa-8778-73a1c9fc3391,Plains Practical New Jersey,2018-02-12T20:12:51.523Z
0f05f23f-7cd7-42ac-a318-2cc0c2d8b06a,ae8acc74-1b6c-4333-8d55-48e5a4d1e1ba,Cross-platform Berkshire Chicken,2018-02-12T20:12:51.524Z
accb0a96-d4ff-418d-baf7-2ea160bab101,b8b5022d-111e-47e7-a2ea-eac607c8728b,synergies,2018-02-12T20:12:51.524Z
f5f337ae-0ab3-45ae-a2fa-ea41fb5b8c38,dcbf2f8e-aa89-4a5c-9f8d-f094f32ce2c4,Factors parsing invoice,2018-02-12T20:12:51.524Z
6dcd49b2-649a-4dbd-9426-953e0eb5bb7e,b9920e66-50ef-4c52-bd18-5a56692362bd,program Cambridgeshire deposit,2018-02-12T20:12:51.524Z
b45fc1be-26e0-419e-8987-c60c805bccfd,ed7c330b-78f5-4761-b744-5c5cb464b942,Cheese multi-state overriding,2018-02-12T20:12:51.524Z
ef3717c9-b1de-4cdb-80ae-d53588d2c05b,11d685c1-8049-4cff-bf33-795a8c2dc0c5,syndicate Beauty modular,2018-02-12T20:12:51.524Z
fb530af0-52cc-46ab-a4a8-ee2282e6d5c8,54c9ae9b-af5f-4606-8b0a-f5e0452888af,Towels Malta,2018-02-12T20:12:51.524Z
d69b1b96-3f4e-46ca-a6cc-e10f5d0937fd,34e033b0-846a-4f84-8ace-6487800eb303,matrix deposit,2018-02-12T20:12:51.524Z
3cc577e9-bd0b-4446-9271-3631d495ced9,9b84c7f3-ef89-424b-8184-64d482e53e0d,bluetooth generate Jewelery,2018-02-12T20:12:51.524Z
b865519a-8d95-484e-9eea-5028671be205,7df046df-3855-4dd6-b499-a571ebd7eb48,generating Generic emulation,2018-02-12T20:12:51.525Z
2f57eaf9-3b92-4669-b329-cf2333757da1,5409fd50-9abc-4024-b57e-677d7d91442a,Saint Martin clicks-and-mortar,2018-02-12T20:12:51.525Z
676a02f4-8ab8-4473-9504-00ae1258bdc8,ed7c330b-78f5-4761-b744-5c5cb464b942,Lithuanian Litas blue Fantastic Soft Chair,2018-02-12T20:12:51.525Z
8f03434e-3adf-4397-870d-47ea6ae7774a,40036374-7d9c-495e-8ae1-7cec736cd80f,monitor throughput,2018-02-12T20:12:51.525Z
ab508f36-a694-49d4-b7cd-c36ad8701c4d,7df046df-3855-4dd6-b499-a571ebd7eb48,Dynamic systems,2018-02-12T20:12:51.525Z
fc09aa1e-7899-46b6-bb5e-de461ed3f318,52fa70af-e8f0-4b29-a630-0cc6d94629c1,clicks-and-mortar Decentralized Small Steel Keyboard,2018-02-12T20:12:51.525Z
ff27fa86-f6a4-437b-aa54-995b05e717ef,de2d6a0d-b07e-4e0f-ae24-45797ce50005,Awesome Rubber Keyboard,2018-02-12T20:12:51.525Z
55d177ed-4573-41df-8068-2b2509c951ac,38390b4d-3c97-4577-b54b-62a64073bd77,compress SMTP Unbranded,2018-02-12T20:12:51.525Z
92e83ef3-c77b-4e31-b6fd-77fe5a57ad50,71bb724e-6112-4773-9856-1dd36f9def6a,empowering Wooden,2018-02-12T20:12:51.525Z
ff0c8cd4-ca25-4ee4-be76-80526e856d65,efe27817-d1bb-4146-8110-dc124a900913,Frozen Steel Metal,2018-02-12T20:12:51.526Z
3f8c6474-3ac5-4743-af6a-b72cf83c5f3b,64b07d3c-3b5e-4338-ae0f-db7f1c43d216,copy dynamic,2018-02-12T20:12:51.526Z
02e2ecfb-9109-407c-818e-c0e1438cfbc4,c76d9a5e-6f37-419a-9975-2a66c50d1952,back-end leverage,2018-02-12T20:12:51.526Z
bef54091-7068-424b-9385-d19b3c1ff3b8,9cefa6ed-e361-41b4-b87f-d8d7bf63a2f9,deposit transitional Car,2018-02-12T20:12:51.526Z
674f218d-1a33-466e-8309-5d347fc03aac,a9cd7737-6947-4baa-8778-73a1c9fc3391,revolutionary Mouse,2018-02-12T20:12:51.526Z
fa2bddf7-7e44-4921-89ca-7a897eaa1335,e561d791-2a55-47bf-a7af-71c37c6b8405,bandwidth PCI,2018-02-12T20:12:51.526Z
83005eaf-e1ba-4001-8580-c2976ba56de7,de2d6a0d-b07e-4e0f-ae24-45797ce50005,International PCI Realigned,2018-02-12T20:12:51.526Z
2f24e56b-cfbf-4485-a312-22dd76fa7299,ae8acc74-1b6c-4333-8d55-48e5a4d1e1ba,Metal array,2018-02-12T20:12:51.526Z
b46b1a25-3a13-457f-ae4a-a5f4fe2ec004,3559720d-be66-4f08-8989-9f662cbccdbd,wireless Borders,2018-02-12T20:12:51.526Z
a40c694d-ceb3-4350-9f08-53d8d6b29a50,b97cbd16-d689-4f1a-829d-7263793180bd,Branding,2018-02-12T20:12:51.526Z
17267421-d952-4a97-9244-1d6370d67688,df24372b-5f83-4c3c-a300-8d3f4824fc4f,International synthesize,2018-02-12T20:12:51.527Z
cc77d7b6-c18b-48ca-b4e0-a2f4dd764248,3535ed7a-150e-4ae8-add3-5e49572e8308,ability New Mexico,2018-02-12T20:12:51.527Z
ddcd7f37-fdb3-4bf2-b34b-3d10723c18fa,5409fd50-9abc-4024-b57e-677d7d91442a,Architect Regional Borders,2018-02-12T20:12:51.527Z
8ebe11de-54cc-40e4-9561-05c652c1086e,7df046df-3855-4dd6-b499-a571ebd7eb48,back-end Fresh parsing,2018-02-12T20:12:51.527Z
8a78bbfb-8023-497b-9485-0bd1c07bc197,f2617c8d-716f-433c-9f8f-45cd3398d334,transitional Berkshire Mobility,2018-02-12T20:12:51.527Z
397e5402-7cdc-44d7-8618-0ca8a31d3473,b8b5022d-111e-47e7-a2ea-eac607c8728b,payment,2018-02-12T20:12:51.527Z
6d36842a-db74-4fc4-9fe1-d3382b78b20f,6af8de34-0006-47b9-857a-5623b85c1b2d,back-end,2018-02-12T20:12:51.527Z
3050c7a9-0295-40dc-b902-b79412eead03,ed7c330b-78f5-4761-b744-5c5cb464b942,Shoal,2018-02-12T20:12:51.527Z
e1862927-16a8-4888-b253-e307ca022284,24e675d3-1c18-4095-b297-91e06afe5e21,grow Gorgeous productize,2018-02-12T20:12:51.527Z
c1112330-eb14-4ef2-a1a8-bb689a98e42b,c9f22d61-c3f0-431c-9a4b-fff3b3f9dd16,indexing XSS,2018-02-12T20:12:51.527Z
a97e2744-d769-4c59-a411-a13d92805662,34e033b0-846a-4f84-8ace-6487800eb303,Generic Soft Chair Auto Loan Account Mandatory,2018-02-12T20:12:51.527Z
949eeb49-a341-4af5-8eff-bb4cd4d7a0bc,30e30afe-b9c2-4975-9d5a-0244b5bda425,Sausages Granite navigating,2018-02-12T20:12:51.528Z
9e19d52e-7549-49bf-bf38-b259bafc6bfb,3475cbab-96a2-4315-91d0-201e3e35f4c5,SAS,2018-02-12T20:12:51.528Z
7422bc10-1155-472a-a07d-dc294301f3a0,ed66008f-4e88-4039-a154-e997b20c987b,Electronics Lake,2018-02-12T20:12:51.528Z
ee8295c4-e24c-4592-8d26-4878efb77993,6ffdd8e8-316a-4501-b82e-5083afd8d098,plum override Investment Account,2018-02-12T20:12:51.528Z
ca58e267-34ff-43c6-b6d2-2f98f9616b6c,9599beea-3d93-4b79-9d9f-2e96f4694ee5,Mississippi,2018-02-12T20:12:51.528Z
1862bd6b-9de6-4531-b77c-d9f61d2b088d,7df046df-3855-4dd6-b499-a571ebd7eb48,Configuration interface Massachusetts,2018-02-12T20:12:51.528Z
c4be053b-ea3d-4208-afe4-eca9e6bd037a,55b3028c-389f-4e96-8610-5f349b64373d,Brazilian Real,2018-02-12T20:12:51.528Z
c5af8d5b-3dc4-4ac7-916f-1f8ebfd2e289,62581782-1cdc-4867-a272-0455296b6c1e,Computers override productize,2018-02-12T20:12:51.528Z
154f3dcb-863f-4a4c-944e-f57d457f8df9,38390b4d-3c97-4577-b54b-62a64073bd77,Credit Card Account Sports,2018-02-12T20:12:51.529Z
25092b2e-3f54-4978-99f8-6d9242d69fd0,7b2b78e1-2fef-4e18-83f9-f37ba9edbf07,generate driver,2018-02-12T20:12:51.529Z
300b34ef-867e-4f49-b4be-ff596031c092,7072cd37-d45c-49d3-b230-6f83282e4ace,indexing,2018-02-12T20:12:51.529Z
5c594773-46af-4242-b7a8-a0956e2e9bbd,201f52a0-b5c5-4f47-a553-b4a789f2057a,Lights Idaho partnerships,2018-02-12T20:12:51.529Z
8020c979-409a-48b1-b7f1-a25f8feba7fe,54c9ae9b-af5f-4606-8b0a-f5e0452888af,invoice synthesize,2018-02-12T20:12:51.529Z
eda8394f-fbab-483c-92cb-b918ee635666,9b84c7f3-ef89-424b-8184-64d482e53e0d,International Belize Dollar interactive,2018-02-12T20:12:51.529Z
fb889dcb-825a-4d01-b50a-ffab8b73b9e6,568eedf2-d947-4e92-bfdd-d74547a696fb,Brand,2018-02-12T20:12:51.529Z
77b98e97-1afb-43f1-b3ac-a22e79ab5e3e,55b3028c-389f-4e96-8610-5f349b64373d,Port parsing Jewelery,2018-02-12T20:12:51.529Z
d63e0f67-e789-4a29-b328-f4598084960d,9cefa6ed-e361-41b4-b87f-d8d7bf63a2f9,purple,2018-02-12T20:12:51.529Z
d7d43f5b-83a5-4213-9742-490a4da2d730,92cbdbbc-b0fb-404a-bdb6-1d42f120c112,bypass user-facing overriding,2018-02-12T20:12:51.529Z
83fbd271-ebfb-4847-aa7e-663837077c46,b9920e66-50ef-4c52-bd18-5a56692362bd,sensor Generic Frozen Bacon,2018-02-12T20:12:51.529Z
1ecd3c6c-6eca-44e1-b72d-f684f427f4ee,2bc75349-0bf1-455e-8d79-316cb7a1e0f9,Fresh,2018-02-12T20:12:51.529Z
8bd67302-3936-4859-835f-3c132c8874ac,64b07d3c-3b5e-4338-ae0f-db7f1c43d216,Bahamas Grocery green,2018-02-12T20:12:51.529Z
9538b6e6-6f8d-479b-9af0-f0abb58e410d,111aa859-ec4f-43fc-8572-4ef2ead63022,Books program,2018-02-12T20:12:51.529Z
6c6a71a4-9f7f-4971-adaa-228c83665512,62581782-1cdc-4867-a272-0455296b6c1e,auxiliary,2018-02-12T20:12:51.530Z
a0e7f027-801e-4dd4-8cba-1029cfd21fbe,c9f22d61-c3f0-431c-9a4b-fff3b3f9dd16,Investment Account,2018-02-12T20:12:51.530Z
26191c88-5b97-4720-bd04-ff2277b1d80e,ae8acc74-1b6c-4333-8d55-48e5a4d1e1ba,Malaysian Ringgit,2018-02-12T20:12:51.530Z
b6ee003a-3915-4366-babf-148af5c0a76d,55d3f291-c918-4a57-8af6-328849dfa450,Platinum Associate Bridge,2018-02-12T20:12:51.530Z
41182440-f0ff-466d-ad82-0ceecd81ea4d,11e711e3-5f80-4bc6-8b25-231286ba0223,Borders black,2018-02-12T20:12:51.530Z
65998cf5-e159-4ef6-8057-5a8af6e40e5a,6ffdd8e8-316a-4501-b82e-5083afd8d098,Slovakia (Slovak Republic) Berkshire Human,2018-02-12T20:12:51.530Z
c2bb4e2b-12bf-44b7-945a-8addc16836eb,c76d9a5e-6f37-419a-9975-2a66c50d1952,Credit Card Account,2018-02-12T20:12:51.530Z
d36aa560-db16-47b0-bd96-ab6d3dd6a7c4,bcd68563-959f-4a04-a63f-1ba6b87b89a9,orchid global interface,2018-02-12T20:12:51.530Z
bd128652-28c9-4dda-acd5-7d6109dec25e,99657a40-7929-4090-a3b6-b8b69e9b5539,connect,2018-02-12T20:12:51.530Z
e3c4890c-24a4-456f-93c3-e89d8357a41d,9cf8b9c3-0431-424e-8599-1d7eeb943a71,1080p,2018-02-12T20:12:51.530Z
1006a6be-0a8e-4713-b635-10c7de9a4bdb,11d685c1-8049-4cff-bf33-795a8c2dc0c5,open system Soft,2018-02-12T20:12:51.530Z
88e169e0-5bb1-4dcf-9309-26d392abe89c,3559720d-be66-4f08-8989-9f662cbccdbd,fault-tolerant Common,2018-02-12T20:12:51.530Z
c69b06f7-c590-449a-9774-4f19d87f4de2,9716a1fc-6384-48a8-8519-dfe3fd426d4b,Administrator Liaison haptic,2018-02-12T20:12:51.530Z
bf9512fa-7513-42c0-acba-18828bc670ad,df24372b-5f83-4c3c-a300-8d3f4824fc4f,drive product,2018-02-12T20:12:51.531Z
3a0e0e17-7434-462a-979e-cb4734a586bd,49a820ac-1e5d-4e56-8634-40eb8004bb35,transmitter,2018-02-12T20:12:51.531Z
94cebfa9-dcf9-4f0c-a6e0-4aabacdf02d1,52fa70af-e8f0-4b29-a630-0cc6d94629c1,transmitter Junctions Connecticut,2018-02-12T20:12:51.531Z
05f43d2a-c2d2-4b46-8cf9-2fc82e06d971,d82249e1-e801-4c4b-a824-e57a61b08492,Group Toys Village,2018-02-12T20:12:51.531Z
324f8cd4-af33-4fbb-a8cb-ae979fa17ccd,de2d6a0d-b07e-4e0f-ae24-45797ce50005,withdrawal redundant,2018-02-12T20:12:51.531Z
fdc77918-b2ff-4c14-b4ab-49d4b678f709,e8c1d1d0-883f-4f9f-ab46-3ca0b1a9f196,4th generation,2018-02-12T20:12:51.531Z
699eeb17-7530-492e-ac9d-789166381052,e561d791-2a55-47bf-a7af-71c37c6b8405,pink Regional hack,2018-02-12T20:12:51.531Z
0c51af14-de0d-4f7c-a5de-7d204612c660,dcbf2f8e-aa89-4a5c-9f8d-f094f32ce2c4,bypass Chief South Dakota,2018-02-12T20:12:51.531Z
17f40dbf-c9c6-46d0-9349-82256686b65a,be6010e3-00f7-40aa-8ad7-27e6f8c579dd,multi-byte red,2018-02-12T20:12:51.531Z